"temp","mpPhase","mpLiqPhase","vtkGhostType","vtkValidPointMask","arc_length","Points:0","Points:1","Points:2"
611.67,0,0,0,1,0,0,0.0004,0.00034
611.67,0,0,0,1,2.6e-06,2.6e-06,0.0004,0.00034
611.75,0,0,0,1,5.2e-06,5.2e-06,0.0004,0.00034
612.79,0,0,0,1,7.8e-06,7.8e-06,0.0004,0.00034
613.82,0,0,0,1,1.04e-05,1.04e-05,0.0004,0.00034
614.86,0,0,0,1,1.3e-05,1.3e-05,0.0004,0.00034
616.13,0,0,0,1,1.56e-05,1.56e-05,0.0004,0.00034
618.19,0,0,0,1,1.82e-05,1.82e-05,0.0004,0.00034
620.25,0,0,0,1,2.08e-05,2.08e-05,0.0004,0.00034
622.3,0,0,0,1,2.34e-05,2.34e-05,0.0004,0.00034
624.75,0,0,0,1,2.6e-05,2.6e-05,0.0004,0.00034
627.81,0,0,0,1,2.86e-05,2.86e-05,0.0004,0.00034
630.86,0,0,0,1,3.12e-05,3.12e-05,0.0004,0.00034
633.92,0,0,0,1,3.38e-05,3.38e-05,0.0004,0.00034
637.5,0,0,0,1,3.64e-05,3.64e-05,0.0004,0.00034
641.53,0,0,0,1,3.9e-05,3.9e-05,0.0004,0.00034
645.56,0,0,0,1,4.16e-05,4.16e-05,0.0004,0.00034
649.59,0,0,0,1,4.42e-05,4.42e-05,0.0004,0.00034
654.26,0,0,0,1,4.68e-05,4.68e-05,0.0004,0.00034
659.22,0,0,0,1,4.94e-05,4.94e-05,0.0004,0.00034
664.17,0,0,0,1,5.2e-05,5.2e-05,0.0004,0.00034
669.13,0,0,0,1,5.46e-05,5.46e-05,0.0004,0.00034
674.84,0,0,0,1,5.72e-05,5.72e-05,0.0004,0.00034
680.67,0,0,0,1,5.98e-05,5.98e-05,0.0004,0.00034
686.51,0,0,0,1,6.24e-05,6.24e-05,0.0004,0.00034
692.35,0,0,0,1,6.5e-05,6.5e-05,0.0004,0.00034
699.01,0,0,0,1,6.76e-05,6.76e-05,0.0004,0.00034
705.67,0,0,0,1,7.02e-05,7.02e-05,0.0004,0.00034
712.33,0,0,0,1,7.28e-05,7.28e-05,0.0004,0.00034
719.11,0,0,0,1,7.54e-05,7.54e-05,0.0004,0.00034
726.52,0,0,0,1,7.8e-05,7.8e-05,0.0004,0.00034
733.94,0,0,0,1,8.06e-05,8.06e-05,0.0004,0.00034
741.35,0,0,0,1,8.32e-05,8.32e-05,0.0004,0.00034
748.97,0,0,0,1,8.58e-05,8.58e-05,0.0004,0.00034
757.07,0,0,0,1,8.84e-05,8.84e-05,0.0004,0.00034
765.16,0,0,0,1,9.1e-05,9.1e-05,0.0004,0.00034
773.25,0,0,0,1,9.36e-05,9.36e-05,0.0004,0.00034
781.62,0,0,0,1,9.62e-05,9.62e-05,0.0004,0.00034
790.32,0,0,0,1,9.88e-05,9.88e-05,0.0004,0.00034
799.01,0,0,0,1,0.0001014,0.0001014,0.0004,0.00034
807.7,0,0,0,1,0.000104,0.000104,0.0004,0.00034
816.71,0,0,0,1,0.0001066,0.0001066,0.0004,0.00034
825.92,0,0,0,1,0.0001092,0.0001092,0.0004,0.00034
835.12,0,0,0,1,0.0001118,0.0001118,0.0004,0.00034
844.33,0,0,0,1,0.0001144,0.0001144,0.0004,0.00034
853.85,0,0,0,1,0.000117,0.000117,0.0004,0.00034
863.48,0,0,0,1,0.0001196,0.0001196,0.0004,0.00034
873.1,0,0,0,1,0.0001222,0.0001222,0.0004,0.00034
882.72,0,0,0,1,0.0001248,0.0001248,0.0004,0.00034
892.63,0.24,0.24,0,1,0.0001274,0.0001274,0.0004,0.00034
902.56,0.5,0.5,0,1,0.00013,0.00013,0.0004,0.00034
912.5,0.76,0.76,0,1,0.0001326,0.0001326,0.0004,0.00034
922.45,1,1,0,1,0.0001352,0.0001352,0.0004,0.00034
932.6,1,1,0,1,0.0001378,0.0001378,0.0004,0.00034
942.75,1,1,0,1,0.0001404,0.0001404,0.0004,0.00034
952.9,1,1,0,1,0.000143,0.000143,0.0004,0.00034
963.09,1,1,0,1,0.0001456,0.0001456,0.0004,0.00034
973.41,1,1,0,1,0.0001482,0.0001482,0.0004,0.00034
983.73,1,1,0,1,0.0001508,0.0001508,0.0004,0.00034
994.05,1,1,0,1,0.0001534,0.0001534,0.0004,0.00034
1004.4,1,1,0,1,0.000156,0.000156,0.0004,0.00034
1014.8,1,1,0,1,0.0001586,0.0001586,0.0004,0.00034
1025.2,1,1,0,1,0.0001612,0.0001612,0.0004,0.00034
1035.6,1,1,0,1,0.0001638,0.0001638,0.0004,0.00034
1046.1,1,1,0,1,0.0001664,0.0001664,0.0004,0.00034
1056.5,1,1,0,1,0.000169,0.000169,0.0004,0.00034
1066.9,1,1,0,1,0.0001716,0.0001716,0.0004,0.00034
1077.3,1,1,0,1,0.0001742,0.0001742,0.0004,0.00034
1087.7,1,1,0,1,0.0001768,0.0001768,0.0004,0.00034
1098,1,1,0,1,0.0001794,0.0001794,0.0004,0.00034
1108.4,1,1,0,1,0.000182,0.000182,0.0004,0.00034
1118.8,1,1,0,1,0.0001846,0.0001846,0.0004,0.00034
1129,1,1,0,1,0.0001872,0.0001872,0.0004,0.00034
1139.1,1,1,0,1,0.0001898,0.0001898,0.0004,0.00034
1149.3,1,1,0,1,0.0001924,0.0001924,0.0004,0.00034
1159.5,1,1,0,1,0.000195,0.000195,0.0004,0.00034
1169.4,1,1,0,1,0.0001976,0.0001976,0.0004,0.00034
1179.3,1,1,0,1,0.0002002,0.0002002,0.0004,0.00034
1189.2,1,1,0,1,0.0002028,0.0002028,0.0004,0.00034
1199.1,1,1,0,1,0.0002054,0.0002054,0.0004,0.00034
1208.6,1,1,0,1,0.000208,0.000208,0.0004,0.00034
1218.2,1,1,0,1,0.0002106,0.0002106,0.0004,0.00034
1227.7,1,1,0,1,0.0002132,0.0002132,0.0004,0.00034
1237.1,1,1,0,1,0.0002158,0.0002158,0.0004,0.00034
1246.3,1,1,0,1,0.0002184,0.0002184,0.0004,0.00034
1255.4,1,1,0,1,0.000221,0.000221,0.0004,0.00034
1264.5,1,1,0,1,0.0002236,0.0002236,0.0004,0.00034
1273.5,1,1,0,1,0.0002262,0.0002262,0.0004,0.00034
1282.2,1,1,0,1,0.0002288,0.0002288,0.0004,0.00034
1290.9,1,1,0,1,0.0002314,0.0002314,0.0004,0.00034
1299.6,1,1,0,1,0.000234,0.000234,0.0004,0.00034
1308,1,1,0,1,0.0002366,0.0002366,0.0004,0.00034
1316.3,1,1,0,1,0.0002392,0.0002392,0.0004,0.00034
1324.5,1,1,0,1,0.0002418,0.0002418,0.0004,0.00034
1332.8,1,1,0,1,0.0002444,0.0002444,0.0004,0.00034
1340.6,1,1,0,1,0.000247,0.000247,0.0004,0.00034
1348.4,1,1,0,1,0.0002496,0.0002496,0.0004,0.00034
1356.2,1,1,0,1,0.0002522,0.0002522,0.0004,0.00034
1363.9,1,1,0,1,0.0002548,0.0002548,0.0004,0.00034
1371.2,1,1,0,1,0.0002574,0.0002574,0.0004,0.00034
1378.5,1,1,0,1,0.00026,0.00026,0.0004,0.00034
1385.8,1,1,0,1,0.0002626,0.0002626,0.0004,0.00034
1393,1,1,0,1,0.0002652,0.0002652,0.0004,0.00034
1399.8,1,1,0,1,0.0002678,0.0002678,0.0004,0.00034
1406.5,1,1,0,1,0.0002704,0.0002704,0.0004,0.00034
1413.3,1,1,0,1,0.000273,0.000273,0.0004,0.00034
1419.9,1,1,0,1,0.0002756,0.0002756,0.0004,0.00034
1426.2,1,1,0,1,0.0002782,0.0002782,0.0004,0.00034
1432.5,1,1,0,1,0.0002808,0.0002808,0.0004,0.00034
1438.7,1,1,0,1,0.0002834,0.0002834,0.0004,0.00034
1444.8,1,1,0,1,0.000286,0.000286,0.0004,0.00034
1450.6,1,1,0,1,0.0002886,0.0002886,0.0004,0.00034
1456.3,1,1,0,1,0.0002912,0.0002912,0.0004,0.00034
1462.1,1,1,0,1,0.0002938,0.0002938,0.0004,0.00034
1467.6,1,1,0,1,0.0002964,0.0002964,0.0004,0.00034
1472.9,1,1,0,1,0.000299,0.000299,0.0004,0.00034
1478.2,1,1,0,1,0.0003016,0.0003016,0.0004,0.00034
1483.5,1,1,0,1,0.0003042,0.0003042,0.0004,0.00034
1488.5,1,1,0,1,0.0003068,0.0003068,0.0004,0.00034
1493.3,1,1,0,1,0.0003094,0.0003094,0.0004,0.00034
1498.2,1,1,0,1,0.000312,0.000312,0.0004,0.00034
1503,1,1,0,1,0.0003146,0.0003146,0.0004,0.00034
1507.5,1,1,0,1,0.0003172,0.0003172,0.0004,0.00034
1511.9,1,1,0,1,0.0003198,0.0003198,0.0004,0.00034
1516.3,1,1,0,1,0.0003224,0.0003224,0.0004,0.00034
1520.7,1,1,0,1,0.000325,0.000325,0.0004,0.00034
1524.7,1,1,0,1,0.0003276,0.0003276,0.0004,0.00034
1528.7,1,1,0,1,0.0003302,0.0003302,0.0004,0.00034
1532.7,1,1,0,1,0.0003328,0.0003328,0.0004,0.00034
1536.6,1,1,0,1,0.0003354,0.0003354,0.0004,0.00034
1540.2,1,1,0,1,0.000338,0.000338,0.0004,0.00034
1543.8,1,1,0,1,0.0003406,0.0003406,0.0004,0.00034
1547.5,1,1,0,1,0.0003432,0.0003432,0.0004,0.00034
1551,1,1,0,1,0.0003458,0.0003458,0.0004,0.00034
1554.2,1,1,0,1,0.0003484,0.0003484,0.0004,0.00034
1557.5,1,1,0,1,0.000351,0.000351,0.0004,0.00034
1560.7,1,1,0,1,0.0003536,0.0003536,0.0004,0.00034
1563.8,1,1,0,1,0.0003562,0.0003562,0.0004,0.00034
1566.8,1,1,0,1,0.0003588,0.0003588,0.0004,0.00034
1569.7,1,1,0,1,0.0003614,0.0003614,0.0004,0.00034
1572.6,1,1,0,1,0.000364,0.000364,0.0004,0.00034
1575.4,1,1,0,1,0.0003666,0.0003666,0.0004,0.00034
1578,1,1,0,1,0.0003692,0.0003692,0.0004,0.00034
1580.6,1,1,0,1,0.0003718,0.0003718,0.0004,0.00034
1583.2,1,1,0,1,0.0003744,0.0003744,0.0004,0.00034
1585.6,1,1,0,1,0.000377,0.000377,0.0004,0.00034
1588,1,1,0,1,0.0003796,0.0003796,0.0004,0.00034
1590.3,1,1,0,1,0.0003822,0.0003822,0.0004,0.00034
1592.6,1,1,0,1,0.0003848,0.0003848,0.0004,0.00034
1594.7,1,1,0,1,0.0003874,0.0003874,0.0004,0.00034
1596.8,1,1,0,1,0.00039,0.00039,0.0004,0.00034
1598.8,1,1,0,1,0.0003926,0.0003926,0.0004,0.00034
1600.9,1,1,0,1,0.0003952,0.0003952,0.0004,0.00034
1602.6,1,1,0,1,0.0003978,0.0003978,0.0004,0.00034
1604.4,1,1,0,1,0.0004004,0.0004004,0.0004,0.00034
1606.1,1,1,0,1,0.000403,0.000403,0.0004,0.00034
1607.8,1,1,0,1,0.0004056,0.0004056,0.0004,0.00034
1609.2,1,1,0,1,0.0004082,0.0004082,0.0004,0.00034
1610.5,1,1,0,1,0.0004108,0.0004108,0.0004,0.00034
1611.9,1,1,0,1,0.0004134,0.0004134,0.0004,0.00034
1613.2,1,1,0,1,0.000416,0.000416,0.0004,0.00034
1614.5,1,1,0,1,0.0004186,0.0004186,0.0004,0.00034
1615.7,1,1,0,1,0.0004212,0.0004212,0.0004,0.00034
1617,1,1,0,1,0.0004238,0.0004238,0.0004,0.00034
1618.3,1,1,0,1,0.0004264,0.0004264,0.0004,0.00034
1619.6,1,1,0,1,0.000429,0.000429,0.0004,0.00034
1620.9,1,1,0,1,0.0004316,0.0004316,0.0004,0.00034
1622.3,1,1,0,1,0.0004342,0.0004342,0.0004,0.00034
1623.6,1,1,0,1,0.0004368,0.0004368,0.0004,0.00034
1625,1,1,0,1,0.0004394,0.0004394,0.0004,0.00034
1626.4,1,1,0,1,0.000442,0.000442,0.0004,0.00034
1627.8,1,1,0,1,0.0004446,0.0004446,0.0004,0.00034
1629.2,1,1,0,1,0.0004472,0.0004472,0.0004,0.00034
1630.6,1,1,0,1,0.0004498,0.0004498,0.0004,0.00034
1632,1,1,0,1,0.0004524,0.0004524,0.0004,0.00034
1633.4,1,1,0,1,0.000455,0.000455,0.0004,0.00034
1634.8,1,1,0,1,0.0004576,0.0004576,0.0004,0.00034
1636.2,1,1,0,1,0.0004602,0.0004602,0.0004,0.00034
1637.6,1,1,0,1,0.0004628,0.0004628,0.0004,0.00034
1639,1,1,0,1,0.0004654,0.0004654,0.0004,0.00034
1640.4,1,1,0,1,0.000468,0.000468,0.0004,0.00034
1641.9,1,1,0,1,0.0004706,0.0004706,0.0004,0.00034
1643.3,1,1,0,1,0.0004732,0.0004732,0.0004,0.00034
1644.7,1,1,0,1,0.0004758,0.0004758,0.0004,0.00034
1646.1,1,1,0,1,0.0004784,0.0004784,0.0004,0.00034
1647.6,1,1,0,1,0.000481,0.000481,0.0004,0.00034
1649,1,1,0,1,0.0004836,0.0004836,0.0004,0.00034
1650.4,1,1,0,1,0.0004862,0.0004862,0.0004,0.00034
1651.8,1,1,0,1,0.0004888,0.0004888,0.0004,0.00034
1653.3,1,1,0,1,0.0004914,0.0004914,0.0004,0.00034
1654.7,1,1,0,1,0.000494,0.000494,0.0004,0.00034
1656.1,1,1,0,1,0.0004966,0.0004966,0.0004,0.00034
1657.6,1,1,0,1,0.0004992,0.0004992,0.0004,0.00034
1659,1,1,0,1,0.0005018,0.0005018,0.0004,0.00034
1660.4,1,1,0,1,0.0005044,0.0005044,0.0004,0.00034
1661.8,1,1,0,1,0.000507,0.000507,0.0004,0.00034
1663.3,1,1,0,1,0.0005096,0.0005096,0.0004,0.00034
1664.7,1,1,0,1,0.0005122,0.0005122,0.0004,0.00034
1666.1,1,1,0,1,0.0005148,0.0005148,0.0004,0.00034
1667.6,1,1,0,1,0.0005174,0.0005174,0.0004,0.00034
1669,1,1,0,1,0.00052,0.00052,0.0004,0.00034
1670.5,1,1,0,1,0.0005226,0.0005226,0.0004,0.00034
1671.9,1,1,0,1,0.0005252,0.0005252,0.0004,0.00034
1673.3,1,1,0,1,0.0005278,0.0005278,0.0004,0.00034
1674.8,1,1,0,1,0.0005304,0.0005304,0.0004,0.00034
1676.2,1,1,0,1,0.000533,0.000533,0.0004,0.00034
1677.6,1,1,0,1,0.0005356,0.0005356,0.0004,0.00034
1679.1,1,1,0,1,0.0005382,0.0005382,0.0004,0.00034
1680.5,1,1,0,1,0.0005408,0.0005408,0.0004,0.00034
1682,1,1,0,1,0.0005434,0.0005434,0.0004,0.00034
1683.4,1,1,0,1,0.000546,0.000546,0.0004,0.00034
1684.9,1,1,0,1,0.0005486,0.0005486,0.0004,0.00034
1686.3,1,1,0,1,0.0005512,0.0005512,0.0004,0.00034
1687.8,1,1,0,1,0.0005538,0.0005538,0.0004,0.00034
1689.3,1,1,0,1,0.0005564,0.0005564,0.0004,0.00034
1690.7,1,1,0,1,0.000559,0.000559,0.0004,0.00034
1692.2,1,1,0,1,0.0005616,0.0005616,0.0004,0.00034
1693.7,1,1,0,1,0.0005642,0.0005642,0.0004,0.00034
1695.1,1,1,0,1,0.0005668,0.0005668,0.0004,0.00034
1696.6,1,1,0,1,0.0005694,0.0005694,0.0004,0.00034
1698.1,1,1,0,1,0.000572,0.000572,0.0004,0.00034
1699.6,1,1,0,1,0.0005746,0.0005746,0.0004,0.00034
1701.1,1,1,0,1,0.0005772,0.0005772,0.0004,0.00034
1702.6,1,1,0,1,0.0005798,0.0005798,0.0004,0.00034
1704.1,1,1,0,1,0.0005824,0.0005824,0.0004,0.00034
1705.6,1,1,0,1,0.000585,0.000585,0.0004,0.00034
1707.1,1,1,0,1,0.0005876,0.0005876,0.0004,0.00034
1708.6,1,1,0,1,0.0005902,0.0005902,0.0004,0.00034
1710.1,1,1,0,1,0.0005928,0.0005928,0.0004,0.00034
1711.6,1,1,0,1,0.0005954,0.0005954,0.0004,0.00034
1713.1,1,1,0,1,0.000598,0.000598,0.0004,0.00034
1714.7,1,1,0,1,0.0006006,0.0006006,0.0004,0.00034
1716.2,1,1,0,1,0.0006032,0.0006032,0.0004,0.00034
1717.7,1,1,0,1,0.0006058,0.0006058,0.0004,0.00034
1719.3,1,1,0,1,0.0006084,0.0006084,0.0004,0.00034
1720.9,1,1,0,1,0.000611,0.000611,0.0004,0.00034
1722.4,1,1,0,1,0.0006136,0.0006136,0.0004,0.00034
1724,1,1,0,1,0.0006162,0.0006162,0.0004,0.00034
1725.6,1,1,0,1,0.0006188,0.0006188,0.0004,0.00034
1727.1,1,1,0,1,0.0006214,0.0006214,0.0004,0.00034
1728.7,1,1,0,1,0.000624,0.000624,0.0004,0.00034
1730.3,1,1,0,1,0.0006266,0.0006266,0.0004,0.00034
1731.9,1,1,0,1,0.0006292,0.0006292,0.0004,0.00034
1733.5,1,1,0,1,0.0006318,0.0006318,0.0004,0.00034
1735.1,1,1,0,1,0.0006344,0.0006344,0.0004,0.00034
1736.8,1,1,0,1,0.000637,0.000637,0.0004,0.00034
1738.4,1,1,0,1,0.0006396,0.0006396,0.0004,0.00034
1740,1,1,0,1,0.0006422,0.0006422,0.0004,0.00034
1741.7,1,1,0,1,0.0006448,0.0006448,0.0004,0.00034
1743.3,1,1,0,1,0.0006474,0.0006474,0.0004,0.00034
1745,1,1,0,1,0.00065,0.00065,0.0004,0.00034
1746.6,1,1,0,1,0.0006526,0.0006526,0.0004,0.00034
1748.3,1,1,0,1,0.0006552,0.0006552,0.0004,0.00034
1750,1,1,0,1,0.0006578,0.0006578,0.0004,0.00034
1751.7,1,1,0,1,0.0006604,0.0006604,0.0004,0.00034
1753.4,1,1,0,1,0.000663,0.000663,0.0004,0.00034
1755.1,1,1,0,1,0.0006656,0.0006656,0.0004,0.00034
1756.8,1,1,0,1,0.0006682,0.0006682,0.0004,0.00034
1758.5,1,1,0,1,0.0006708,0.0006708,0.0004,0.00034
1760.2,1,1,0,1,0.0006734,0.0006734,0.0004,0.00034
1761.9,1,1,0,1,0.000676,0.000676,0.0004,0.00034
1763.7,1,1,0,1,0.0006786,0.0006786,0.0004,0.00034
1765.4,1,1,0,1,0.0006812,0.0006812,0.0004,0.00034
1767.2,1,1,0,1,0.0006838,0.0006838,0.0004,0.00034
1768.9,1,1,0,1,0.0006864,0.0006864,0.0004,0.00034
1770.7,1,1,0,1,0.000689,0.000689,0.0004,0.00034
1772.5,1,1,0,1,0.0006916,0.0006916,0.0004,0.00034
1774.3,1,1,0,1,0.0006942,0.0006942,0.0004,0.00034
1776.1,1,1,0,1,0.0006968,0.0006968,0.0004,0.00034
1777.9,1,1,0,1,0.0006994,0.0006994,0.0004,0.00034
1779.7,1,1,0,1,0.000702,0.000702,0.0004,0.00034
1781.5,1,1,0,1,0.0007046,0.0007046,0.0004,0.00034
1783.3,1,1,0,1,0.0007072,0.0007072,0.0004,0.00034
1785.2,1,1,0,1,0.0007098,0.0007098,0.0004,0.00034
1787,1,1,0,1,0.0007124,0.0007124,0.0004,0.00034
1788.8,1,1,0,1,0.000715,0.000715,0.0004,0.00034
1790.7,1,1,0,1,0.0007176,0.0007176,0.0004,0.00034
1792.6,1,1,0,1,0.0007202,0.0007202,0.0004,0.00034
1794.5,1,1,0,1,0.0007228,0.0007228,0.0004,0.00034
1796.3,1,1,0,1,0.0007254,0.0007254,0.0004,0.00034
1798.2,1,1,0,1,0.000728,0.000728,0.0004,0.00034
1800.1,1,1,0,1,0.0007306,0.0007306,0.0004,0.00034
1802.1,1,1,0,1,0.0007332,0.0007332,0.0004,0.00034
1804,1,1,0,1,0.0007358,0.0007358,0.0004,0.00034
1805.9,1,1,0,1,0.0007384,0.0007384,0.0004,0.00034
1807.9,1,1,0,1,0.000741,0.000741,0.0004,0.00034
1809.8,1,1,0,1,0.0007436,0.0007436,0.0004,0.00034
1811.8,1,1,0,1,0.0007462,0.0007462,0.0004,0.00034
1813.8,1,1,0,1,0.0007488,0.0007488,0.0004,0.00034
1815.7,1,1,0,1,0.0007514,0.0007514,0.0004,0.00034
1817.7,1,1,0,1,0.000754,0.000754,0.0004,0.00034
1819.7,1,1,0,1,0.0007566,0.0007566,0.0004,0.00034
1821.7,1,1,0,1,0.0007592,0.0007592,0.0004,0.00034
1823.8,1,1,0,1,0.0007618,0.0007618,0.0004,0.00034
1825.8,1,1,0,1,0.0007644,0.0007644,0.0004,0.00034
1827.8,1,1,0,1,0.000767,0.000767,0.0004,0.00034
1829.9,1,1,0,1,0.0007696,0.0007696,0.0004,0.00034
1831.9,1,1,0,1,0.0007722,0.0007722,0.0004,0.00034
1834,1,1,0,1,0.0007748,0.0007748,0.0004,0.00034
1836.1,1,1,0,1,0.0007774,0.0007774,0.0004,0.00034
1838.2,1,1,0,1,0.00078,0.00078,0.0004,0.00034
1840.3,1,1,0,1,0.0007826,0.0007826,0.0004,0.00034
1842.4,1,1,0,1,0.0007852,0.0007852,0.0004,0.00034
1844.5,1,1,0,1,0.0007878,0.0007878,0.0004,0.00034
1846.7,1,1,0,1,0.0007904,0.0007904,0.0004,0.00034
1848.8,1,1,0,1,0.000793,0.000793,0.0004,0.00034
1851,1,1,0,1,0.0007956,0.0007956,0.0004,0.00034
1853.1,1,1,0,1,0.0007982,0.0007982,0.0004,0.00034
1855.3,1,1,0,1,0.0008008,0.0008008,0.0004,0.00034
1857.5,1,1,0,1,0.0008034,0.0008034,0.0004,0.00034
1859.7,1,1,0,1,0.000806,0.000806,0.0004,0.00034
1861.9,1,1,0,1,0.0008086,0.0008086,0.0004,0.00034
1864.1,1,1,0,1,0.0008112,0.0008112,0.0004,0.00034
1866.3,1,1,0,1,0.0008138,0.0008138,0.0004,0.00034
1868.6,1,1,0,1,0.0008164,0.0008164,0.0004,0.00034
1870.8,1,1,0,1,0.000819,0.000819,0.0004,0.00034
1873.1,1,1,0,1,0.0008216,0.0008216,0.0004,0.00034
1875.4,1,1,0,1,0.0008242,0.0008242,0.0004,0.00034
1877.7,1,1,0,1,0.0008268,0.0008268,0.0004,0.00034
1880,1,1,0,1,0.0008294,0.0008294,0.0004,0.00034
1882.3,1,1,0,1,0.000832,0.000832,0.0004,0.00034
1884.6,1,1,0,1,0.0008346,0.0008346,0.0004,0.00034
1886.9,1,1,0,1,0.0008372,0.0008372,0.0004,0.00034
1889.2,1,1,0,1,0.0008398,0.0008398,0.0004,0.00034
1891.6,1,1,0,1,0.0008424,0.0008424,0.0004,0.00034
1893.9,1,1,0,1,0.000845,0.000845,0.0004,0.00034
1896.3,1,1,0,1,0.0008476,0.0008476,0.0004,0.00034
1898.7,1,1,0,1,0.0008502,0.0008502,0.0004,0.00034
1901.1,1,1,0,1,0.0008528,0.0008528,0.0004,0.00034
1903.5,1,1,0,1,0.0008554,0.0008554,0.0004,0.00034
1905.9,1,1,0,1,0.000858,0.000858,0.0004,0.00034
1908.4,1,1,0,1,0.0008606,0.0008606,0.0004,0.00034
1910.8,1,1,0,1,0.0008632,0.0008632,0.0004,0.00034
1913.2,1,1,0,1,0.0008658,0.0008658,0.0004,0.00034
1915.7,1,1,0,1,0.0008684,0.0008684,0.0004,0.00034
1918.2,1,1,0,1,0.000871,0.000871,0.0004,0.00034
1920.7,1,1,0,1,0.0008736,0.0008736,0.0004,0.00034
1923.2,1,1,0,1,0.0008762,0.0008762,0.0004,0.00034
1925.7,1,1,0,1,0.0008788,0.0008788,0.0004,0.00034
1928.2,1,1,0,1,0.0008814,0.0008814,0.0004,0.00034
1930.7,1,1,0,1,0.000884,0.000884,0.0004,0.00034
1933.3,1,1,0,1,0.0008866,0.0008866,0.0004,0.00034
1935.8,1,1,0,1,0.0008892,0.0008892,0.0004,0.00034
1938.4,1,1,0,1,0.0008918,0.0008918,0.0004,0.00034
1940.9,1,1,0,1,0.0008944,0.0008944,0.0004,0.00034
1943.5,1,1,0,1,0.000897,0.000897,0.0004,0.00034
1946.1,1,1,0,1,0.0008996,0.0008996,0.0004,0.00034
1948.8,1,1,0,1,0.0009022,0.0009022,0.0004,0.00034
1951.4,1,1,0,1,0.0009048,0.0009048,0.0004,0.00034
1954,1,1,0,1,0.0009074,0.0009074,0.0004,0.00034
1956.7,1,1,0,1,0.00091,0.00091,0.0004,0.00034
1959.3,1,1,0,1,0.0009126,0.0009126,0.0004,0.00034
1962,1,1,0,1,0.0009152,0.0009152,0.0004,0.00034
1964.7,1,1,0,1,0.0009178,0.0009178,0.0004,0.00034
1967.4,1,1,0,1,0.0009204,0.0009204,0.0004,0.00034
1970.1,1,1,0,1,0.000923,0.000923,0.0004,0.00034
1972.8,1,1,0,1,0.0009256,0.0009256,0.0004,0.00034
1975.5,1,1,0,1,0.0009282,0.0009282,0.0004,0.00034
1978.3,1,1,0,1,0.0009308,0.0009308,0.0004,0.00034
1981,1,1,0,1,0.0009334,0.0009334,0.0004,0.00034
1983.8,1,1,0,1,0.000936,0.000936,0.0004,0.00034
1986.6,1,1,0,1,0.0009386,0.0009386,0.0004,0.00034
1989.3,1,1,0,1,0.0009412,0.0009412,0.0004,0.00034
1992.1,1,1,0,1,0.0009438,0.0009438,0.0004,0.00034
1994.9,1,1,0,1,0.0009464,0.0009464,0.0004,0.00034
1997.8,1,1,0,1,0.000949,0.000949,0.0004,0.00034
2000.6,1,1,0,1,0.0009516,0.0009516,0.0004,0.00034
2003.5,1,1,0,1,0.0009542,0.0009542,0.0004,0.00034
2006.3,1,1,0,1,0.0009568,0.0009568,0.0004,0.00034
2009.2,1,1,0,1,0.0009594,0.0009594,0.0004,0.00034
2012.1,1,1,0,1,0.000962,0.000962,0.0004,0.00034
2015,1,1,0,1,0.0009646,0.0009646,0.0004,0.00034
2017.9,1,1,0,1,0.0009672,0.0009672,0.0004,0.00034
2020.9,1,1,0,1,0.0009698,0.0009698,0.0004,0.00034
2023.8,1,1,0,1,0.0009724,0.0009724,0.0004,0.00034
2026.7,1,1,0,1,0.000975,0.000975,0.0004,0.00034
2029.7,1,1,0,1,0.0009776,0.0009776,0.0004,0.00034
2032.7,1,1,0,1,0.0009802,0.0009802,0.0004,0.00034
2035.7,1,1,0,1,0.0009828,0.0009828,0.0004,0.00034
2038.7,1,1,0,1,0.0009854,0.0009854,0.0004,0.00034
2041.7,1,1,0,1,0.000988,0.000988,0.0004,0.00034
2044.8,1,1,0,1,0.0009906,0.0009906,0.0004,0.00034
2047.8,1,1,0,1,0.0009932,0.0009932,0.0004,0.00034
2050.9,1,1,0,1,0.0009958,0.0009958,0.0004,0.00034
2054,1,1,0,1,0.0009984,0.0009984,0.0004,0.00034
2057.1,1,1,0,1,0.001001,0.001001,0.0004,0.00034
2060.2,1,1,0,1,0.0010036,0.0010036,0.0004,0.00034
2063.3,1,1,0,1,0.0010062,0.0010062,0.0004,0.00034
2066.5,1,1,0,1,0.0010088,0.0010088,0.0004,0.00034
2069.6,1,1,0,1,0.0010114,0.0010114,0.0004,0.00034
2072.8,1,1,0,1,0.001014,0.001014,0.0004,0.00034
2075.9,1,1,0,1,0.0010166,0.0010166,0.0004,0.00034
2079.2,1,1,0,1,0.0010192,0.0010192,0.0004,0.00034
2082.4,1,1,0,1,0.0010218,0.0010218,0.0004,0.00034
2085.6,1,1,0,1,0.0010244,0.0010244,0.0004,0.00034
2088.8,1,1,0,1,0.001027,0.001027,0.0004,0.00034
2092.1,1,1,0,1,0.0010296,0.0010296,0.0004,0.00034
2095.4,1,1,0,1,0.0010322,0.0010322,0.0004,0.00034
2098.6,1,1,0,1,0.0010348,0.0010348,0.0004,0.00034
2102,1,1,0,1,0.0010374,0.0010374,0.0004,0.00034
2105.3,1,1,0,1,0.00104,0.00104,0.0004,0.00034
2108.6,1,1,0,1,0.0010426,0.0010426,0.0004,0.00034
2112,1,1,0,1,0.0010452,0.0010452,0.0004,0.00034
2115.4,1,1,0,1,0.0010478,0.0010478,0.0004,0.00034
2118.7,1,1,0,1,0.0010504,0.0010504,0.0004,0.00034
2122.1,1,1,0,1,0.001053,0.001053,0.0004,0.00034
2125.5,1,1,0,1,0.0010556,0.0010556,0.0004,0.00034
2129,1,1,0,1,0.0010582,0.0010582,0.0004,0.00034
2132.5,1,1,0,1,0.0010608,0.0010608,0.0004,0.00034
2135.9,1,1,0,1,0.0010634,0.0010634,0.0004,0.00034
2139.4,1,1,0,1,0.001066,0.001066,0.0004,0.00034
2142.9,1,1,0,1,0.0010686,0.0010686,0.0004,0.00034
2146.4,1,1,0,1,0.0010712,0.0010712,0.0004,0.00034
2149.9,1,1,0,1,0.0010738,0.0010738,0.0004,0.00034
2153.5,1,1,0,1,0.0010764,0.0010764,0.0004,0.00034
2157.1,1,1,0,1,0.001079,0.001079,0.0004,0.00034
2160.7,1,1,0,1,0.0010816,0.0010816,0.0004,0.00034
2164.2,1,1,0,1,0.0010842,0.0010842,0.0004,0.00034
2167.9,1,1,0,1,0.0010868,0.0010868,0.0004,0.00034
2171.5,1,1,0,1,0.0010894,0.0010894,0.0004,0.00034
2175.2,1,1,0,1,0.001092,0.001092,0.0004,0.00034
2178.8,1,1,0,1,0.0010946,0.0010946,0.0004,0.00034
2182.5,1,1,0,1,0.0010972,0.0010972,0.0004,0.00034
2186.2,1,1,0,1,0.0010998,0.0010998,0.0004,0.00034
2189.9,1,1,0,1,0.0011024,0.0011024,0.0004,0.00034
2193.6,1,1,0,1,0.001105,0.001105,0.0004,0.00034
2197.4,1,1,0,1,0.0011076,0.0011076,0.0004,0.00034
2201.2,1,1,0,1,0.0011102,0.0011102,0.0004,0.00034
2204.9,1,1,0,1,0.0011128,0.0011128,0.0004,0.00034
2208.7,1,1,0,1,0.0011154,0.0011154,0.0004,0.00034
2212.6,1,1,0,1,0.001118,0.001118,0.0004,0.00034
2216.4,1,1,0,1,0.0011206,0.0011206,0.0004,0.00034
2220.2,1,1,0,1,0.0011232,0.0011232,0.0004,0.00034
2224.1,1,1,0,1,0.0011258,0.0011258,0.0004,0.00034
2228,1,1,0,1,0.0011284,0.0011284,0.0004,0.00034
2231.9,1,1,0,1,0.001131,0.001131,0.0004,0.00034
2235.8,1,1,0,1,0.0011336,0.0011336,0.0004,0.00034
2239.8,1,1,0,1,0.0011362,0.0011362,0.0004,0.00034
2243.7,1,1,0,1,0.0011388,0.0011388,0.0004,0.00034
2247.7,1,1,0,1,0.0011414,0.0011414,0.0004,0.00034
2251.7,1,1,0,1,0.001144,0.001144,0.0004,0.00034
2255.7,1,1,0,1,0.0011466,0.0011466,0.0004,0.00034
2259.8,1,1,0,1,0.0011492,0.0011492,0.0004,0.00034
2263.8,1,1,0,1,0.0011518,0.0011518,0.0004,0.00034
2267.9,1,1,0,1,0.0011544,0.0011544,0.0004,0.00034
2272,1,1,0,1,0.001157,0.001157,0.0004,0.00034
2276.1,1,1,0,1,0.0011596,0.0011596,0.0004,0.00034
2280.2,1,1,0,1,0.0011622,0.0011622,0.0004,0.00034
2284.4,1,1,0,1,0.0011648,0.0011648,0.0004,0.00034
2288.6,1,1,0,1,0.0011674,0.0011674,0.0004,0.00034
2292.8,1,1,0,1,0.00117,0.00117,0.0004,0.00034
2297,1,1,0,1,0.0011726,0.0011726,0.0004,0.00034
2301.2,1,1,0,1,0.0011752,0.0011752,0.0004,0.00034
2305.5,1,1,0,1,0.0011778,0.0011778,0.0004,0.00034
2309.8,1,1,0,1,0.0011804,0.0011804,0.0004,0.00034
2314.1,1,1,0,1,0.001183,0.001183,0.0004,0.00034
2318.4,1,1,0,1,0.0011856,0.0011856,0.0004,0.00034
2322.8,1,1,0,1,0.0011882,0.0011882,0.0004,0.00034
2327.2,1,1,0,1,0.0011908,0.0011908,0.0004,0.00034
2331.6,1,1,0,1,0.0011934,0.0011934,0.0004,0.00034
2336,1,1,0,1,0.001196,0.001196,0.0004,0.00034
2340.5,1,1,0,1,0.0011986,0.0011986,0.0004,0.00034
2344.9,1,1,0,1,0.0012012,0.0012012,0.0004,0.00034
2349.4,1,1,0,1,0.0012038,0.0012038,0.0004,0.00034
2354,1,1,0,1,0.0012064,0.0012064,0.0004,0.00034
2358.5,1,1,0,1,0.001209,0.001209,0.0004,0.00034
2363.1,1,1,0,1,0.0012116,0.0012116,0.0004,0.00034
2367.7,1,1,0,1,0.0012142,0.0012142,0.0004,0.00034
2372.3,1,1,0,1,0.0012168,0.0012168,0.0004,0.00034
2377,1,1,0,1,0.0012194,0.0012194,0.0004,0.00034
2381.6,1,1,0,1,0.001222,0.001222,0.0004,0.00034
2386.3,1,1,0,1,0.0012246,0.0012246,0.0004,0.00034
2391.1,1,1,0,1,0.0012272,0.0012272,0.0004,0.00034
2395.8,1,1,0,1,0.0012298,0.0012298,0.0004,0.00034
2400.6,1,1,0,1,0.0012324,0.0012324,0.0004,0.00034
2405.4,1,1,0,1,0.001235,0.001235,0.0004,0.00034
2410.2,1,1,0,1,0.0012376,0.0012376,0.0004,0.00034
2415.1,1,1,0,1,0.0012402,0.0012402,0.0004,0.00034
2420,1,1,0,1,0.0012428,0.0012428,0.0004,0.00034
2424.9,1,1,0,1,0.0012454,0.0012454,0.0004,0.00034
2429.8,1,1,0,1,0.001248,0.001248,0.0004,0.00034
2434.8,1,1,0,1,0.0012506,0.0012506,0.0004,0.00034
2439.8,1,1,0,1,0.0012532,0.0012532,0.0004,0.00034
2444.8,1,1,0,1,0.0012558,0.0012558,0.0004,0.00034
2449.9,1,1,0,1,0.0012584,0.0012584,0.0004,0.00034
2455,1,1,0,1,0.001261,0.001261,0.0004,0.00034
2460.1,1,1,0,1,0.0012636,0.0012636,0.0004,0.00034
2465.2,1,1,0,1,0.0012662,0.0012662,0.0004,0.00034
2470.4,1,1,0,1,0.0012688,0.0012688,0.0004,0.00034
2475.6,1,1,0,1,0.0012714,0.0012714,0.0004,0.00034
2480.8,1,1,0,1,0.001274,0.001274,0.0004,0.00034
2486.1,1,1,0,1,0.0012766,0.0012766,0.0004,0.00034
2491.5,1,1,0,1,0.0012792,0.0012792,0.0004,0.00034
2496.8,1,1,0,1,0.0012818,0.0012818,0.0004,0.00034
2502.1,1,1,0,1,0.0012844,0.0012844,0.0004,0.00034
2507.6,1,1,0,1,0.001287,0.001287,0.0004,0.00034
2513,1,1,0,1,0.0012896,0.0012896,0.0004,0.00034
2518.5,1,1,0,1,0.0012922,0.0012922,0.0004,0.00034
2524,1,1,0,1,0.0012948,0.0012948,0.0004,0.00034
2529.6,1,1,0,1,0.0012974,0.0012974,0.0004,0.00034
2535.2,1,1,0,1,0.0013,0.0013,0.0004,0.00034
2540.8,1,1,0,1,0.0013026,0.0013026,0.0004,0.00034
2546.4,1,1,0,1,0.0013052,0.0013052,0.0004,0.00034
2552.2,1,1,0,1,0.0013078,0.0013078,0.0004,0.00034
2558,1,1,0,1,0.0013104,0.0013104,0.0004,0.00034
2563.7,1,1,0,1,0.001313,0.001313,0.0004,0.00034
2569.5,1,1,0,1,0.0013156,0.0013156,0.0004,0.00034
2575.4,1,1,0,1,0.0013182,0.0013182,0.0004,0.00034
2581.4,1,1,0,1,0.0013208,0.0013208,0.0004,0.00034
2587.3,1,1,0,1,0.0013234,0.0013234,0.0004,0.00034
2593.3,1,1,0,1,0.001326,0.001326,0.0004,0.00034
2599.4,1,1,0,1,0.0013286,0.0013286,0.0004,0.00034
2605.4,1,1,0,1,0.0013312,0.0013312,0.0004,0.00034
2611.5,1,1,0,1,0.0013338,0.0013338,0.0004,0.00034
2617.7,1,1,0,1,0.0013364,0.0013364,0.0004,0.00034
2623.9,1,1,0,1,0.001339,0.001339,0.0004,0.00034
2630.2,1,1,0,1,0.0013416,0.0013416,0.0004,0.00034
2636.4,1,1,0,1,0.0013442,0.0013442,0.0004,0.00034
2642.8,1,1,0,1,0.0013468,0.0013468,0.0004,0.00034
2649.2,1,1,0,1,0.0013494,0.0013494,0.0004,0.00034
2655.6,1,1,0,1,0.001352,0.001352,0.0004,0.00034
2662.1,1,1,0,1,0.0013546,0.0013546,0.0004,0.00034
2668.6,1,1,0,1,0.0013572,0.0013572,0.0004,0.00034
2675.2,1,1,0,1,0.0013598,0.0013598,0.0004,0.00034
2681.8,1,1,0,1,0.0013624,0.0013624,0.0004,0.00034
2688.4,1,1,0,1,0.001365,0.001365,0.0004,0.00034
2695.2,1,1,0,1,0.0013676,0.0013676,0.0004,0.00034
2701.9,1,1,0,1,0.0013702,0.0013702,0.0004,0.00034
2708.7,1,1,0,1,0.0013728,0.0013728,0.0004,0.00034
2715.5,1,1,0,1,0.0013754,0.0013754,0.0004,0.00034
2722.5,1,1,0,1,0.001378,0.001378,0.0004,0.00034
2729.4,1,1,0,1,0.0013806,0.0013806,0.0004,0.00034
2736.4,1,1,0,1,0.0013832,0.0013832,0.0004,0.00034
2743.4,1,1,0,1,0.0013858,0.0013858,0.0004,0.00034
2750.5,1,1,0,1,0.0013884,0.0013884,0.0004,0.00034
2757.7,1,1,0,1,0.001391,0.001391,0.0004,0.00034
2764.8,1,1,0,1,0.0013936,0.0013936,0.0004,0.00034
2772.1,1,1,0,1,0.0013962,0.0013962,0.0004,0.00034
2779.5,1,1,0,1,0.0013988,0.0013988,0.0004,0.00034
2786.8,1,1,0,1,0.0014014,0.0014014,0.0004,0.00034
2794.2,1,1,0,1,0.001404,0.001404,0.0004,0.00034
2801.7,1,1,0,1,0.0014066,0.0014066,0.0004,0.00034
2809.2,1,1,0,1,0.0014092,0.0014092,0.0004,0.00034
2816.8,1,1,0,1,0.0014118,0.0014118,0.0004,0.00034
2824.4,1,1,0,1,0.0014144,0.0014144,0.0004,0.00034
2832.1,1,1,0,1,0.001417,0.001417,0.0004,0.00034
2839.9,1,1,0,1,0.0014196,0.0014196,0.0004,0.00034
2847.7,1,1,0,1,0.0014222,0.0014222,0.0004,0.00034
2855.5,1,1,0,1,0.0014248,0.0014248,0.0004,0.00034
2863.5,1,1,0,1,0.0014274,0.0014274,0.0004,0.00034
2871.5,1,1,0,1,0.00143,0.00143,0.0004,0.00034
2879.6,1,1,0,1,0.0014326,0.0014326,0.0004,0.00034
2887.6,1,1,0,1,0.0014352,0.0014352,0.0004,0.00034
2895.9,1,1,0,1,0.0014378,0.0014378,0.0004,0.00034
2904.2,1,1,0,1,0.0014404,0.0014404,0.0004,0.00034
2912.5,1,1,0,1,0.001443,0.001443,0.0004,0.00034
2920.8,1,1,0,1,0.0014456,0.0014456,0.0004,0.00034
2929.3,1,1,0,1,0.0014482,0.0014482,0.0004,0.00034
2937.9,1,1,0,1,0.0014508,0.0014508,0.0004,0.00034
2946.4,1,1,0,1,0.0014534,0.0014534,0.0004,0.00034
2955.1,1,1,0,1,0.001456,0.001456,0.0004,0.00034
2963.9,1,1,0,1,0.0014586,0.0014586,0.0004,0.00034
2972.7,1,1,0,1,0.0014612,0.0014612,0.0004,0.00034
2981.5,1,1,0,1,0.0014638,0.0014638,0.0004,0.00034
2990.5,1,1,0,1,0.0014664,0.0014664,0.0004,0.00034
2999.6,1,1,0,1,0.001469,0.001469,0.0004,0.00034
3008.8,1,1,0,1,0.0014716,0.0014716,0.0004,0.00034
3017.9,1,1,0,1,0.0014742,0.0014742,0.0004,0.00034
3027.2,1,1,0,1,0.0014768,0.0014768,0.0004,0.00034
3036.7,1,1,0,1,0.0014794,0.0014794,0.0004,0.00034
3046.1,1,1,0,1,0.001482,0.001482,0.0004,0.00034
3055.5,1,1,0,1,0.0014846,0.0014846,0.0004,0.00034
3065.3,1,1,0,1,0.0014872,0.0014872,0.0004,0.00034
3075.1,1,1,0,1,0.0014898,0.0014898,0.0004,0.00034
3084.8,1,1,0,1,0.0014924,0.0014924,0.0004,0.00034
3094.6,1,1,0,1,0.001495,0.001495,0.0004,0.00034
3104.8,1,1,0,1,0.0014976,0.0014976,0.0004,0.00034
3115,1,1,0,1,0.0015002,0.0015002,0.0004,0.00034
3125.1,1,1,0,1,0.0015028,0.0015028,0.0004,0.00034
3135.3,1,1,0,1,0.0015054,0.0015054,0.0004,0.00034
3145.9,1,1,0,1,0.001508,0.001508,0.0004,0.00034
3156.5,1,1,0,1,0.0015106,0.0015106,0.0004,0.00034
3167,1,1,0,1,0.0015132,0.0015132,0.0004,0.00034
3177.7,1,1,0,1,0.0015158,0.0015158,0.0004,0.00034
3188.7,1,1,0,1,0.0015184,0.0015184,0.0004,0.00034
3199.7,1,1,0,1,0.001521,0.001521,0.0004,0.00034
3210.8,1,1,0,1,0.0015236,0.0015236,0.0004,0.00034
3222,1,1,0,1,0.0015262,0.0015262,0.0004,0.00034
3233.5,1,1,0,1,0.0015288,0.0015288,0.0004,0.00034
3244.9,1,1,0,1,0.0015314,0.0015314,0.0004,0.00034
3256.4,1,1,0,1,0.001534,0.001534,0.0004,0.00034
3268.2,1,1,0,1,0.0015366,0.0015366,0.0004,0.00034
3280.2,1,1,0,1,0.0015392,0.0015392,0.0004,0.00034
3292.2,1,1,0,1,0.0015418,0.0015418,0.0004,0.00034
3304.2,1,1,0,1,0.0015444,0.0015444,0.0004,0.00034
3316.6,1,1,0,1,0.001547,0.001547,0.0004,0.00034
3329.1,1,1,0,1,0.0015496,0.0015496,0.0004,0.00034
3341.7,1,1,0,1,0.0015522,0.0015522,0.0004,0.00034
3354.2,1,1,0,1,0.0015548,0.0015548,0.0004,0.00034
3367.3,1,1,0,1,0.0015574,0.0015574,0.0004,0.00034
3380.5,1,1,0,1,0.00156,0.00156,0.0004,0.00034
3393.6,1,1,0,1,0.0015626,0.0015626,0.0004,0.00034
3406.8,1,1,0,1,0.0015652,0.0015652,0.0004,0.00034
3420.6,1,1,0,1,0.0015678,0.0015678,0.0004,0.00034
3434.4,1,1,0,1,0.0015704,0.0015704,0.0004,0.00034
3448.2,1,1,0,1,0.001573,0.001573,0.0004,0.00034
3462.1,1,1,0,1,0.0015756,0.0015756,0.0004,0.00034
3476.6,1,1,0,1,0.0015782,0.0015782,0.0004,0.00034
3491.1,1,1,0,1,0.0015808,0.0015808,0.0004,0.00034
3505.5,1,1,0,1,0.0015834,0.0015834,0.0004,0.00034
3520.3,1,1,0,1,0.001586,0.001586,0.0004,0.00034
3535.5,1,1,0,1,0.0015886,0.0015886,0.0004,0.00034
3550.7,1,1,0,1,0.0015912,0.0015912,0.0004,0.00034
3566,1,1,0,1,0.0015938,0.0015938,0.0004,0.00034
3581.6,1,1,0,1,0.0015964,0.0015964,0.0004,0.00034
3597.7,1,1,0,1,0.001599,0.001599,0.0004,0.00034
3613.7,1,1,0,1,0.0016016,0.0016016,0.0004,0.00034
3629.7,1,1,0,1,0.0016042,0.0016042,0.0004,0.00034
3646.4,1,1,0,1,0.0016068,0.0016068,0.0004,0.00034
3663.3,1,1,0,1,0.0016094,0.0016094,0.0004,0.00034
3680.2,1,1,0,1,0.001612,0.001612,0.0004,0.00034
3697.1,1,1,0,1,0.0016146,0.0016146,0.0004,0.00034
3714.7,1,1,0,1,0.0016172,0.0016172,0.0004,0.00034
3732.3,1,1,0,1,0.0016198,0.0016198,0.0004,0.00034
3750,1,1,0,1,0.0016224,0.0016224,0.0004,0.00034
3767.6,1,1,0,1,0.001625,0.001625,0.0004,0.00034
3785.6,1,1,0,1,0.0016276,0.0016276,0.0004,0.00034
3803.6,1,1,0,1,0.0016302,0.0016302,0.0004,0.00034
3821.6,1,1,0,1,0.0016328,0.0016328,0.0004,0.00034
3839.6,1,1,0,1,0.0016354,0.0016354,0.0004,0.00034
3857.2,1,1,0,1,0.001638,0.001638,0.0004,0.00034
3874.8,1,1,0,1,0.0016406,0.0016406,0.0004,0.00034
3892.4,1,1,0,1,0.0016432,0.0016432,0.0004,0.00034
3909.4,1,1,0,1,0.0016458,0.0016458,0.0004,0.00034
3925.3,1,1,0,1,0.0016484,0.0016484,0.0004,0.00034
3941.1,1,1,0,1,0.001651,0.001651,0.0004,0.00034
3957,1,1,0,1,0.0016536,0.0016536,0.0004,0.00034
3971,1,1,0,1,0.0016562,0.0016562,0.0004,0.00034
3983,1,1,0,1,0.0016588,0.0016588,0.0004,0.00034
3995,1,1,0,1,0.0016614,0.0016614,0.0004,0.00034
4007,1,1,0,1,0.001664,0.001664,0.0004,0.00034
4014.7,1,1,0,1,0.0016666,0.0016666,0.0004,0.00034
4019.8,1,1,0,1,0.0016692,0.0016692,0.0004,0.00034
4024.8,1,1,0,1,0.0016718,0.0016718,0.0004,0.00034
4029.9,1,1,0,1,0.0016744,0.0016744,0.0004,0.00034
4026.7,1,1,0,1,0.001677,0.001677,0.0004,0.00034
4021,1,1,0,1,0.0016796,0.0016796,0.0004,0.00034
4015.4,1,1,0,1,0.0016822,0.0016822,0.0004,0.00034
4009.7,1,1,0,1,0.0016848,0.0016848,0.0004,0.00034
3990.3,1,1,0,1,0.0016874,0.0016874,0.0004,0.00034
3969.8,1,1,0,1,0.00169,0.00169,0.0004,0.00034
3949.3,1,1,0,1,0.0016926,0.0016926,0.0004,0.00034
3927.3,1,1,0,1,0.0016952,0.0016952,0.0004,0.00034
3888.4,1,1,0,1,0.0016978,0.0016978,0.0004,0.00034
3849.4,1,1,0,1,0.0017004,0.0017004,0.0004,0.00034
3810.4,1,1,0,1,0.001703,0.001703,0.0004,0.00034
3766.7,1,1,0,1,0.0017056,0.0017056,0.0004,0.00034
3707.3,1,1,0,1,0.0017082,0.0017082,0.0004,0.00034
3647.9,1,1,0,1,0.0017108,0.0017108,0.0004,0.00034
3588.4,1,1,0,1,0.0017134,0.0017134,0.0004,0.00034
3521.3,1,1,0,1,0.001716,0.001716,0.0004,0.00034
3441.8,1,1,0,1,0.0017186,0.0017186,0.0004,0.00034
3362.4,1,1,0,1,0.0017212,0.0017212,0.0004,0.00034
3282.9,1,1,0,1,0.0017238,0.0017238,0.0004,0.00034
3194.5,1,1,0,1,0.0017264,0.0017264,0.0004,0.00034
3098.5,1,1,0,1,0.001729,0.001729,0.0004,0.00034
3002.4,1,1,0,1,0.0017316,0.0017316,0.0004,0.00034
2906.4,1,1,0,1,0.0017342,0.0017342,0.0004,0.00034
2803.2,1,1,0,1,0.0017368,0.0017368,0.0004,0.00034
2696.9,1,1,0,1,0.0017394,0.0017394,0.0004,0.00034
2590.6,1,1,0,1,0.001742,0.001742,0.0004,0.00034
2484.2,1,1,0,1,0.0017446,0.0017446,0.0004,0.00034
2376,1,1,0,1,0.0017472,0.0017472,0.0004,0.00034
2267.3,1,1,0,1,0.0017498,0.0017498,0.0004,0.00034
2158.7,1,1,0,1,0.0017524,0.0017524,0.0004,0.00034
2050.1,1,1,0,1,0.001755,0.001755,0.0004,0.00034
1945.6,1,1,0,1,0.0017576,0.0017576,0.0004,0.00034
1841.2,1,1,0,1,0.0017602,0.0017602,0.0004,0.00034
1736.7,1,1,0,1,0.0017628,0.0017628,0.0004,0.00034
1632.8,0.95999,0.95999,0,1,0.0017654,0.0017654,0.0004,0.00034
1532.2,0.7,0.7,0,1,0.001768,0.001768,0.0004,0.00034
1431.6,0.44,0.44,0,1,0.0017706,0.0017706,0.0004,0.00034
1331.1,0.18,0.18,0,1,0.0017732,0.0017732,0.0004,0.00034
1236.6,0,0,0,1,0.0017758,0.0017758,0.0004,0.00034
1155.9,0,0,0,1,0.0017784,0.0017784,0.0004,0.00034
1075.2,0,0,0,1,0.001781,0.001781,0.0004,0.00034
994.48,0,0,0,1,0.0017836,0.0017836,0.0004,0.00034
924.72,0,0,0,1,0.0017862,0.0017862,0.0004,0.00034
867.73,0,0,0,1,0.0017888,0.0017888,0.0004,0.00034
810.75,0,0,0,1,0.0017914,0.0017914,0.0004,0.00034
753.77,0,0,0,1,0.001794,0.001794,0.0004,0.00034
707.71,0,0,0,1,0.0017966,0.0017966,0.0004,0.00034
668.48,0,0,0,1,0.0017992,0.0017992,0.0004,0.00034
629.25,0,0,0,1,0.0018018,0.0018018,0.0004,0.00034
590.01,0,0,0,1,0.0018044,0.0018044,0.0004,0.00034
561.3,0,0,0,1,0.001807,0.001807,0.0004,0.00034
535.74,0,0,0,1,0.0018096,0.0018096,0.0004,0.00034
510.18,0,0,0,1,0.0018122,0.0018122,0.0004,0.00034
484.62,0,0,0,1,0.0018148,0.0018148,0.0004,0.00034
468.22,0,0,0,1,0.0018174,0.0018174,0.0004,0.00034
452.59,0,0,0,1,0.00182,0.00182,0.0004,0.00034
436.96,0,0,0,1,0.0018226,0.0018226,0.0004,0.00034
421.84,0,0,0,1,0.0018252,0.0018252,0.0004,0.00034
412.88,0,0,0,1,0.0018278,0.0018278,0.0004,0.00034
403.92,0,0,0,1,0.0018304,0.0018304,0.0004,0.00034
394.95,0,0,0,1,0.001833,0.001833,0.0004,0.00034
386.95,0,0,0,1,0.0018356,0.0018356,0.0004,0.00034
382.13,0,0,0,1,0.0018382,0.0018382,0.0004,0.00034
377.32,0,0,0,1,0.0018408,0.0018408,0.0004,0.00034
372.5,0,0,0,1,0.0018434,0.0018434,0.0004,0.00034
368.6,0,0,0,1,0.001846,0.001846,0.0004,0.00034
366.17,0,0,0,1,0.0018486,0.0018486,0.0004,0.00034
363.74,0,0,0,1,0.0018512,0.0018512,0.0004,0.00034
361.32,0,0,0,1,0.0018538,0.0018538,0.0004,0.00034
359.57,0,0,0,1,0.0018564,0.0018564,0.0004,0.00034
358.42,0,0,0,1,0.001859,0.001859,0.0004,0.00034
357.27,0,0,0,1,0.0018616,0.0018616,0.0004,0.00034
356.12,0,0,0,1,0.0018642,0.0018642,0.0004,0.00034
355.41,0,0,0,1,0.0018668,0.0018668,0.0004,0.00034
354.9,0,0,0,1,0.0018694,0.0018694,0.0004,0.00034
354.38,0,0,0,1,0.001872,0.001872,0.0004,0.00034
353.87,0,0,0,1,0.0018746,0.0018746,0.0004,0.00034
353.61,0,0,0,1,0.0018772,0.0018772,0.0004,0.00034
353.39,0,0,0,1,0.0018798,0.0018798,0.0004,0.00034
353.18,0,0,0,1,0.0018824,0.0018824,0.0004,0.00034
352.96,0,0,0,1,0.001885,0.001885,0.0004,0.00034
352.88,0,0,0,1,0.0018876,0.0018876,0.0004,0.00034
352.79,0,0,0,1,0.0018902,0.0018902,0.0004,0.00034
352.71,0,0,0,1,0.0018928,0.0018928,0.0004,0.00034
352.63,0,0,0,1,0.0018954,0.0018954,0.0004,0.00034
352.6,0,0,0,1,0.001898,0.001898,0.0004,0.00034
352.57,0,0,0,1,0.0019006,0.0019006,0.0004,0.00034
352.54,0,0,0,1,0.0019032,0.0019032,0.0004,0.00034
352.52,0,0,0,1,0.0019058,0.0019058,0.0004,0.00034
352.51,0,0,0,1,0.0019084,0.0019084,0.0004,0.00034
352.5,0,0,0,1,0.001911,0.001911,0.0004,0.00034
352.49,0,0,0,1,0.0019136,0.0019136,0.0004,0.00034
352.49,0,0,0,1,0.0019162,0.0019162,0.0004,0.00034
352.48,0,0,0,1,0.0019188,0.0019188,0.0004,0.00034
352.48,0,0,0,1,0.0019214,0.0019214,0.0004,0.00034
352.48,0,0,0,1,0.001924,0.001924,0.0004,0.00034
352.48,0,0,0,1,0.0019266,0.0019266,0.0004,0.00034
352.48,0,0,0,1,0.0019292,0.0019292,0.0004,0.00034
352.49,0,0,0,1,0.0019318,0.0019318,0.0004,0.00034
352.49,0,0,0,1,0.0019344,0.0019344,0.0004,0.00034
352.49,0,0,0,1,0.001937,0.001937,0.0004,0.00034
352.49,0,0,0,1,0.0019396,0.0019396,0.0004,0.00034
352.5,0,0,0,1,0.0019422,0.0019422,0.0004,0.00034
352.5,0,0,0,1,0.0019448,0.0019448,0.0004,0.00034
352.51,0,0,0,1,0.0019474,0.0019474,0.0004,0.00034
352.51,0,0,0,1,0.00195,0.00195,0.0004,0.00034
352.52,0,0,0,1,0.0019526,0.0019526,0.0004,0.00034
352.52,0,0,0,1,0.0019552,0.0019552,0.0004,0.00034
352.53,0,0,0,1,0.0019578,0.0019578,0.0004,0.00034
352.54,0,0,0,1,0.0019604,0.0019604,0.0004,0.00034
352.54,0,0,0,1,0.001963,0.001963,0.0004,0.00034
352.55,0,0,0,1,0.0019656,0.0019656,0.0004,0.00034
352.56,0,0,0,1,0.0019682,0.0019682,0.0004,0.00034
352.57,0,0,0,1,0.0019708,0.0019708,0.0004,0.00034
352.58,0,0,0,1,0.0019734,0.0019734,0.0004,0.00034
352.59,0,0,0,1,0.001976,0.001976,0.0004,0.00034
352.6,0,0,0,1,0.0019786,0.0019786,0.0004,0.00034
352.61,0,0,0,1,0.0019812,0.0019812,0.0004,0.00034
352.62,0,0,0,1,0.0019838,0.0019838,0.0004,0.00034
352.63,0,0,0,1,0.0019864,0.0019864,0.0004,0.00034
352.64,0,0,0,1,0.001989,0.001989,0.0004,0.00034
352.65,0,0,0,1,0.0019916,0.0019916,0.0004,0.00034
352.67,0,0,0,1,0.0019942,0.0019942,0.0004,0.00034
352.68,0,0,0,1,0.0019968,0.0019968,0.0004,0.00034
352.69,0,0,0,1,0.0019994,0.0019994,0.0004,0.00034
352.7,0,0,0,1,0.002002,0.002002,0.0004,0.00034
352.71,0,0,0,1,0.0020046,0.0020046,0.0004,0.00034
352.72,0,0,0,1,0.0020072,0.0020072,0.0004,0.00034
352.73,0,0,0,1,0.0020098,0.0020098,0.0004,0.00034
352.74,0,0,0,1,0.0020124,0.0020124,0.0004,0.00034
352.75,0,0,0,1,0.002015,0.002015,0.0004,0.00034
352.76,0,0,0,1,0.0020176,0.0020176,0.0004,0.00034
352.77,0,0,0,1,0.0020202,0.0020202,0.0004,0.00034
352.77,0,0,0,1,0.0020228,0.0020228,0.0004,0.00034
352.78,0,0,0,1,0.0020254,0.0020254,0.0004,0.00034
352.79,0,0,0,1,0.002028,0.002028,0.0004,0.00034
352.79,0,0,0,1,0.0020306,0.0020306,0.0004,0.00034
352.8,0,0,0,1,0.0020332,0.0020332,0.0004,0.00034
352.81,0,0,0,1,0.0020358,0.0020358,0.0004,0.00034
352.81,0,0,0,1,0.0020384,0.0020384,0.0004,0.00034
352.82,0,0,0,1,0.002041,0.002041,0.0004,0.00034
352.82,0,0,0,1,0.0020436,0.0020436,0.0004,0.00034
352.82,0,0,0,1,0.0020462,0.0020462,0.0004,0.00034
352.83,0,0,0,1,0.0020488,0.0020488,0.0004,0.00034
352.83,0,0,0,1,0.0020514,0.0020514,0.0004,0.00034
352.83,0,0,0,1,0.002054,0.002054,0.0004,0.00034
352.84,0,0,0,1,0.0020566,0.0020566,0.0004,0.00034
352.84,0,0,0,1,0.0020592,0.0020592,0.0004,0.00034
352.84,0,0,0,1,0.0020618,0.0020618,0.0004,0.00034
352.84,0,0,0,1,0.0020644,0.0020644,0.0004,0.00034
352.85,0,0,0,1,0.002067,0.002067,0.0004,0.00034
352.85,0,0,0,1,0.0020696,0.0020696,0.0004,0.00034
352.85,0,0,0,1,0.0020722,0.0020722,0.0004,0.00034
352.85,0,0,0,1,0.0020748,0.0020748,0.0004,0.00034
352.85,0,0,0,1,0.0020774,0.0020774,0.0004,0.00034
352.85,0,0,0,1,0.00208,0.00208,0.0004,0.00034
352.85,0,0,0,1,0.0020826,0.0020826,0.0004,0.00034
352.85,0,0,0,1,0.0020852,0.0020852,0.0004,0.00034
352.86,0,0,0,1,0.0020878,0.0020878,0.0004,0.00034
352.86,0,0,0,1,0.0020904,0.0020904,0.0004,0.00034
352.86,0,0,0,1,0.002093,0.002093,0.0004,0.00034
352.86,0,0,0,1,0.0020956,0.0020956,0.0004,0.00034
352.86,0,0,0,1,0.0020982,0.0020982,0.0004,0.00034
352.86,0,0,0,1,0.0021008,0.0021008,0.0004,0.00034
352.86,0,0,0,1,0.0021034,0.0021034,0.0004,0.00034
352.85,0,0,0,1,0.002106,0.002106,0.0004,0.00034
352.85,0,0,0,1,0.0021086,0.0021086,0.0004,0.00034
352.85,0,0,0,1,0.0021112,0.0021112,0.0004,0.00034
352.85,0,0,0,1,0.0021138,0.0021138,0.0004,0.00034
352.85,0,0,0,1,0.0021164,0.0021164,0.0004,0.00034
352.85,0,0,0,1,0.002119,0.002119,0.0004,0.00034
352.85,0,0,0,1,0.0021216,0.0021216,0.0004,0.00034
352.85,0,0,0,1,0.0021242,0.0021242,0.0004,0.00034
352.85,0,0,0,1,0.0021268,0.0021268,0.0004,0.00034
352.84,0,0,0,1,0.0021294,0.0021294,0.0004,0.00034
352.84,0,0,0,1,0.002132,0.002132,0.0004,0.00034
352.84,0,0,0,1,0.0021346,0.0021346,0.0004,0.00034
352.84,0,0,0,1,0.0021372,0.0021372,0.0004,0.00034
352.84,0,0,0,1,0.0021398,0.0021398,0.0004,0.00034
352.83,0,0,0,1,0.0021424,0.0021424,0.0004,0.00034
352.83,0,0,0,1,0.002145,0.002145,0.0004,0.00034
352.83,0,0,0,1,0.0021476,0.0021476,0.0004,0.00034
352.83,0,0,0,1,0.0021502,0.0021502,0.0004,0.00034
352.82,0,0,0,1,0.0021528,0.0021528,0.0004,0.00034
352.82,0,0,0,1,0.0021554,0.0021554,0.0004,0.00034
352.82,0,0,0,1,0.002158,0.002158,0.0004,0.00034
352.82,0,0,0,1,0.0021606,0.0021606,0.0004,0.00034
352.81,0,0,0,1,0.0021632,0.0021632,0.0004,0.00034
352.81,0,0,0,1,0.0021658,0.0021658,0.0004,0.00034
352.81,0,0,0,1,0.0021684,0.0021684,0.0004,0.00034
352.81,0,0,0,1,0.002171,0.002171,0.0004,0.00034
352.8,0,0,0,1,0.0021736,0.0021736,0.0004,0.00034
352.8,0,0,0,1,0.0021762,0.0021762,0.0004,0.00034
352.8,0,0,0,1,0.0021788,0.0021788,0.0004,0.00034
352.8,0,0,0,1,0.0021814,0.0021814,0.0004,0.00034
352.8,0,0,0,1,0.002184,0.002184,0.0004,0.00034
352.8,0,0,0,1,0.0021866,0.0021866,0.0004,0.00034
352.8,0,0,0,1,0.0021892,0.0021892,0.0004,0.00034
352.8,0,0,0,1,0.0021918,0.0021918,0.0004,0.00034
352.8,0,0,0,1,0.0021944,0.0021944,0.0004,0.00034
352.8,0,0,0,1,0.002197,0.002197,0.0004,0.00034
352.8,0,0,0,1,0.0021996,0.0021996,0.0004,0.00034
352.81,0,0,0,1,0.0022022,0.0022022,0.0004,0.00034
352.81,0,0,0,1,0.0022048,0.0022048,0.0004,0.00034
352.81,0,0,0,1,0.0022074,0.0022074,0.0004,0.00034
352.81,0,0,0,1,0.00221,0.00221,0.0004,0.00034
352.81,0,0,0,1,0.0022126,0.0022126,0.0004,0.00034
352.81,0,0,0,1,0.0022152,0.0022152,0.0004,0.00034
352.82,0,0,0,1,0.0022178,0.0022178,0.0004,0.00034
352.82,0,0,0,1,0.0022204,0.0022204,0.0004,0.00034
352.82,0,0,0,1,0.002223,0.002223,0.0004,0.00034
352.82,0,0,0,1,0.0022256,0.0022256,0.0004,0.00034
352.82,0,0,0,1,0.0022282,0.0022282,0.0004,0.00034
352.82,0,0,0,1,0.0022308,0.0022308,0.0004,0.00034
352.82,0,0,0,1,0.0022334,0.0022334,0.0004,0.00034
352.82,0,0,0,1,0.002236,0.002236,0.0004,0.00034
352.82,0,0,0,1,0.0022386,0.0022386,0.0004,0.00034
352.82,0,0,0,1,0.0022412,0.0022412,0.0004,0.00034
352.82,0,0,0,1,0.0022438,0.0022438,0.0004,0.00034
352.82,0,0,0,1,0.0022464,0.0022464,0.0004,0.00034
352.82,0,0,0,1,0.002249,0.002249,0.0004,0.00034
352.82,0,0,0,1,0.0022516,0.0022516,0.0004,0.00034
352.82,0,0,0,1,0.0022542,0.0022542,0.0004,0.00034
352.82,0,0,0,1,0.0022568,0.0022568,0.0004,0.00034
352.82,0,0,0,1,0.0022594,0.0022594,0.0004,0.00034
352.82,0,0,0,1,0.002262,0.002262,0.0004,0.00034
352.81,0,0,0,1,0.0022646,0.0022646,0.0004,0.00034
352.81,0,0,0,1,0.0022672,0.0022672,0.0004,0.00034
352.81,0,0,0,1,0.0022698,0.0022698,0.0004,0.00034
352.81,0,0,0,1,0.0022724,0.0022724,0.0004,0.00034
352.81,0,0,0,1,0.002275,0.002275,0.0004,0.00034
352.8,0,0,0,1,0.0022776,0.0022776,0.0004,0.00034
352.8,0,0,0,1,0.0022802,0.0022802,0.0004,0.00034
352.8,0,0,0,1,0.0022828,0.0022828,0.0004,0.00034
352.8,0,0,0,1,0.0022854,0.0022854,0.0004,0.00034
352.8,0,0,0,1,0.002288,0.002288,0.0004,0.00034
352.79,0,0,0,1,0.0022906,0.0022906,0.0004,0.00034
352.79,0,0,0,1,0.0022932,0.0022932,0.0004,0.00034
352.79,0,0,0,1,0.0022958,0.0022958,0.0004,0.00034
352.79,0,0,0,1,0.0022984,0.0022984,0.0004,0.00034
352.79,0,0,0,1,0.002301,0.002301,0.0004,0.00034
352.79,0,0,0,1,0.0023036,0.0023036,0.0004,0.00034
352.78,0,0,0,1,0.0023062,0.0023062,0.0004,0.00034
352.78,0,0,0,1,0.0023088,0.0023088,0.0004,0.00034
352.78,0,0,0,1,0.0023114,0.0023114,0.0004,0.00034
352.78,0,0,0,1,0.002314,0.002314,0.0004,0.00034
352.78,0,0,0,1,0.0023166,0.0023166,0.0004,0.00034
352.78,0,0,0,1,0.0023192,0.0023192,0.0004,0.00034
352.79,0,0,0,1,0.0023218,0.0023218,0.0004,0.00034
352.79,0,0,0,1,0.0023244,0.0023244,0.0004,0.00034
352.79,0,0,0,1,0.002327,0.002327,0.0004,0.00034
352.79,0,0,0,1,0.0023296,0.0023296,0.0004,0.00034
352.79,0,0,0,1,0.0023322,0.0023322,0.0004,0.00034
352.79,0,0,0,1,0.0023348,0.0023348,0.0004,0.00034
352.8,0,0,0,1,0.0023374,0.0023374,0.0004,0.00034
352.8,0,0,0,1,0.00234,0.00234,0.0004,0.00034
352.8,0,0,0,1,0.0023426,0.0023426,0.0004,0.00034
352.81,0,0,0,1,0.0023452,0.0023452,0.0004,0.00034
352.81,0,0,0,1,0.0023478,0.0023478,0.0004,0.00034
352.81,0,0,0,1,0.0023504,0.0023504,0.0004,0.00034
352.81,0,0,0,1,0.002353,0.002353,0.0004,0.00034
352.82,0,0,0,1,0.0023556,0.0023556,0.0004,0.00034
352.82,0,0,0,1,0.0023582,0.0023582,0.0004,0.00034
352.82,0,0,0,1,0.0023608,0.0023608,0.0004,0.00034
352.82,0,0,0,1,0.0023634,0.0023634,0.0004,0.00034
352.83,0,0,0,1,0.002366,0.002366,0.0004,0.00034
352.83,0,0,0,1,0.0023686,0.0023686,0.0004,0.00034
352.83,0,0,0,1,0.0023712,0.0023712,0.0004,0.00034
352.83,0,0,0,1,0.0023738,0.0023738,0.0004,0.00034
352.83,0,0,0,1,0.0023764,0.0023764,0.0004,0.00034
352.83,0,0,0,1,0.002379,0.002379,0.0004,0.00034
352.84,0,0,0,1,0.0023816,0.0023816,0.0004,0.00034
352.84,0,0,0,1,0.0023842,0.0023842,0.0004,0.00034
352.84,0,0,0,1,0.0023868,0.0023868,0.0004,0.00034
352.84,0,0,0,1,0.0023894,0.0023894,0.0004,0.00034
352.84,0,0,0,1,0.002392,0.002392,0.0004,0.00034
352.84,0,0,0,1,0.0023946,0.0023946,0.0004,0.00034
352.84,0,0,0,1,0.0023972,0.0023972,0.0004,0.00034
352.84,0,0,0,1,0.0023998,0.0023998,0.0004,0.00034
352.84,0,0,0,1,0.0024024,0.0024024,0.0004,0.00034
352.84,0,0,0,1,0.002405,0.002405,0.0004,0.00034
352.84,0,0,0,1,0.0024076,0.0024076,0.0004,0.00034
352.84,0,0,0,1,0.0024102,0.0024102,0.0004,0.00034
352.84,0,0,0,1,0.0024128,0.0024128,0.0004,0.00034
352.84,0,0,0,1,0.0024154,0.0024154,0.0004,0.00034
352.84,0,0,0,1,0.002418,0.002418,0.0004,0.00034
352.84,0,0,0,1,0.0024206,0.0024206,0.0004,0.00034
352.84,0,0,0,1,0.0024232,0.0024232,0.0004,0.00034
352.84,0,0,0,1,0.0024258,0.0024258,0.0004,0.00034
352.84,0,0,0,1,0.0024284,0.0024284,0.0004,0.00034
352.84,0,0,0,1,0.002431,0.002431,0.0004,0.00034
352.84,0,0,0,1,0.0024336,0.0024336,0.0004,0.00034
352.83,0,0,0,1,0.0024362,0.0024362,0.0004,0.00034
352.83,0,0,0,1,0.0024388,0.0024388,0.0004,0.00034
352.83,0,0,0,1,0.0024414,0.0024414,0.0004,0.00034
352.83,0,0,0,1,0.002444,0.002444,0.0004,0.00034
352.82,0,0,0,1,0.0024466,0.0024466,0.0004,0.00034
352.82,0,0,0,1,0.0024492,0.0024492,0.0004,0.00034
352.82,0,0,0,1,0.0024518,0.0024518,0.0004,0.00034
352.81,0,0,0,1,0.0024544,0.0024544,0.0004,0.00034
352.81,0,0,0,1,0.002457,0.002457,0.0004,0.00034
352.8,0,0,0,1,0.0024596,0.0024596,0.0004,0.00034
352.8,0,0,0,1,0.0024622,0.0024622,0.0004,0.00034
352.8,0,0,0,1,0.0024648,0.0024648,0.0004,0.00034
352.79,0,0,0,1,0.0024674,0.0024674,0.0004,0.00034
352.78,0,0,0,1,0.00247,0.00247,0.0004,0.00034
352.78,0,0,0,1,0.0024726,0.0024726,0.0004,0.00034
352.77,0,0,0,1,0.0024752,0.0024752,0.0004,0.00034
352.77,0,0,0,1,0.0024778,0.0024778,0.0004,0.00034
352.76,0,0,0,1,0.0024804,0.0024804,0.0004,0.00034
352.75,0,0,0,1,0.002483,0.002483,0.0004,0.00034
352.75,0,0,0,1,0.0024856,0.0024856,0.0004,0.00034
352.74,0,0,0,1,0.0024882,0.0024882,0.0004,0.00034
352.73,0,0,0,1,0.0024908,0.0024908,0.0004,0.00034
352.73,0,0,0,1,0.0024934,0.0024934,0.0004,0.00034
352.72,0,0,0,1,0.002496,0.002496,0.0004,0.00034
352.72,0,0,0,1,0.0024986,0.0024986,0.0004,0.00034
352.71,0,0,0,1,0.0025012,0.0025012,0.0004,0.00034
352.7,0,0,0,1,0.0025038,0.0025038,0.0004,0.00034
352.7,0,0,0,1,0.0025064,0.0025064,0.0004,0.00034
352.69,0,0,0,1,0.002509,0.002509,0.0004,0.00034
352.69,0,0,0,1,0.0025116,0.0025116,0.0004,0.00034
352.68,0,0,0,1,0.0025142,0.0025142,0.0004,0.00034
352.68,0,0,0,1,0.0025168,0.0025168,0.0004,0.00034
352.67,0,0,0,1,0.0025194,0.0025194,0.0004,0.00034
352.67,0,0,0,1,0.002522,0.002522,0.0004,0.00034
352.66,0,0,0,1,0.0025246,0.0025246,0.0004,0.00034
352.66,0,0,0,1,0.0025272,0.0025272,0.0004,0.00034
352.65,0,0,0,1,0.0025298,0.0025298,0.0004,0.00034
352.65,0,0,0,1,0.0025324,0.0025324,0.0004,0.00034
352.64,0,0,0,1,0.002535,0.002535,0.0004,0.00034
352.64,0,0,0,1,0.0025376,0.0025376,0.0004,0.00034
352.63,0,0,0,1,0.0025402,0.0025402,0.0004,0.00034
352.63,0,0,0,1,0.0025428,0.0025428,0.0004,0.00034
352.62,0,0,0,1,0.0025454,0.0025454,0.0004,0.00034
352.62,0,0,0,1,0.002548,0.002548,0.0004,0.00034
352.61,0,0,0,1,0.0025506,0.0025506,0.0004,0.00034
352.61,0,0,0,1,0.0025532,0.0025532,0.0004,0.00034
352.6,0,0,0,1,0.0025558,0.0025558,0.0004,0.00034
352.6,0,0,0,1,0.0025584,0.0025584,0.0004,0.00034
352.59,0,0,0,1,0.002561,0.002561,0.0004,0.00034
352.59,0,0,0,1,0.0025636,0.0025636,0.0004,0.00034
352.59,0,0,0,1,0.0025662,0.0025662,0.0004,0.00034
352.58,0,0,0,1,0.0025688,0.0025688,0.0004,0.00034
352.58,0,0,0,1,0.0025714,0.0025714,0.0004,0.00034
352.57,0,0,0,1,0.002574,0.002574,0.0004,0.00034
352.57,0,0,0,1,0.0025766,0.0025766,0.0004,0.00034
352.57,0,0,0,1,0.0025792,0.0025792,0.0004,0.00034
352.56,0,0,0,1,0.0025818,0.0025818,0.0004,0.00034
352.56,0,0,0,1,0.0025844,0.0025844,0.0004,0.00034
352.56,0,0,0,1,0.002587,0.002587,0.0004,0.00034
352.55,0,0,0,1,0.0025896,0.0025896,0.0004,0.00034
352.55,0,0,0,1,0.0025922,0.0025922,0.0004,0.00034
352.55,0,0,0,1,0.0025948,0.0025948,0.0004,0.00034
352.55,0,0,0,1,0.0025974,0.0025974,0.0004,0.00034
nan,nan,nan,0,0,0.0026,0.0026,0.0004,0.00034
